{"aeloss_step": 1016.316162109375, "train/total_loss": 1016.316162109375, "train/kl_loss": 92320.015625, "train/nll_loss": 1016.2238159179688, "train/rec_loss": 0.015506344847381115, "train/g_loss": -0.2876909077167511, "train/logits_real": 0.2829698324203491, "train/logits_fake": 0.2957489490509033, "trainer/global_step": 1649, "_timestamp": 1683537294.2894137, "_runtime": 2359.8510756492615, "_step": 36}