{"aeloss_step": 153.39024353027344, "train/total_loss": 153.39024353027344, "train/kl_loss": 141547.4375, "train/nll_loss": 153.2487030029297, "train/rec_loss": 0.0007794632110744715, "train/g_loss": 0.6545354127883911, "train/logits_real": -0.6551585793495178, "train/logits_fake": -0.6545792818069458, "trainer/global_step": 10799, "_timestamp": 1683471209.2529697, "_runtime": 4117.060958623886, "_step": 219}